Operation,CUDA Time (ms),CPU Time (ms),CUDA Memory (MB),Calls
model_inference,1495.3138700000002,0.0,0.0,1
model_inference,446.05766299998993,1518.5242700000001,0.0,1
bitsandbytes::gemv_4bit,184.8195620000008,165.441605000003,75.866112,9604
"void kgemm_4bit_inference_naive<__half, 128, 16>(int, int, int, __half*, unsigned char*, float*, float const*, __half*, int, int, int, int)",184.8195620000008,0.0,0.0,9604
aten::matmul,62.15184900000024,8.012164999998255,65.501184,296
aten::linear,62.066412000000156,6.877927999999986,65.467392,246
aten::mm,62.066412000000156,4.718276999999871,65.467392,246
"void gemv2T_kernel_val<int, int, __half, __half, __half, float, 128, 16, 4, 4, false, false, cublasGemvParamsEx<int, cublasGemvTensorStridedBatched<__half const>, cublasGemvTensorStridedBatched<__half const>, cublasGemvTensorStridedBatched<__half>, float> >(cublasGemvParamsEx<int, cublasGemvTensorStridedBatched<__half const>, cublasGemvTensorStridedBatched<__half const>, cublasGemvTensorStridedBatched<__half>, float>, float, float)",52.876074000000344,0.0,0.0,50
aten::add,38.77385700000464,131.5092980000024,8680.983552,18154
"void kDequantizeBlockwise<float, 512, 64, 8, 0>(float*, unsigned char*, float*, float*, int, int)",31.205970999997387,0.0,0.0,9800
bitsandbytes::dequantize_blockwise,31.205970999997387,179.97902599999347,8808.0384,9800
"void at::native::elementwise_kernel<128, 2, at::native::gpu_kernel_impl_nocast<at::native::CUDAFunctor_add<float> >(at::TensorIteratorBase&, at::native::CUDAFunctor_add<float> const&)::{lambda(int)#1}>(int, at::native::gpu_kernel_impl_nocast<at::native::CUDAFunctor_add<float> >(at::TensorIteratorBase&, at::native::CUDAFunctor_add<float> const&)::{lambda(int)#1})",27.17797399999723,0.0,0.0,9800
aten::mul,26.371107000000325,93.14821099998586,163.490816,12900
MatMul4Bit,20.559919999999707,20.542285000000177,52.641792,196
aten::copy_,17.721343000004673,39.2481610000032,0.0,6410
aten::_to_copy,17.168417000003313,65.74663200000325,112.973312,6009
aten::to,17.168417000003313,75.92116700000304,112.973312,38906
aten::cat,16.875979000000747,50.51671600000391,354.614784,5750
"void at::native::elementwise_kernel<128, 4, at::native::gpu_kernel_impl_nocast<at::native::BinaryFunctor<c10::Half, c10::Half, c10::Half, at::native::binary_internal::MulFunctor<float> > >(at::TensorIteratorBase&, at::native::BinaryFunctor<c10::Half, c10::Half, c10::Half, at::native::binary_internal::MulFunctor<float> > const&)::{lambda(int)#1}>(int, at::native::gpu_kernel_impl_nocast<at::native::BinaryFunctor<c10::Half, c10::Half, c10::Half, at::native::binary_internal::MulFunctor<float> > >(at::TensorIteratorBase&, at::native::BinaryFunctor<c10::Half, c10::Half, c10::Half, at::native::binary_internal::MulFunctor<float> > const&)::{lambda(int)#1})",13.754398000002801,0.0,0.0,5657
aten::_flash_attention_forward,10.408669999997583,49.7434409999989,15.081472,1400
aten::_scaled_dot_product_flash_attention,10.408669999997583,62.58218700000324,15.081472,1400
aten::scaled_dot_product_attention,10.408669999997583,71.63282499999977,14.278656,1400
aten::mean,10.267543999999871,27.887873000006323,1.4592,2850
"void at::native::reduce_kernel<512, 1, at::native::ReduceOp<float, at::native::MeanOps<float, float, float, float>, unsigned int, float, 4> >(at::native::ReduceOp<float, at::native::MeanOps<float, float, float, float>, unsigned int, float, 4>)",10.267543999999871,0.0,0.0,2850
"void pytorch_flash::flash_fwd_kernel<pytorch_flash::Flash_fwd_kernel_traits<128, 128, 32, 4, false, false, cutlass::half_t, pytorch_flash::Flash_kernel_traits<128, 128, 32, 4, cutlass::half_t> >, false, false, false, false, false, true, false>(pytorch_flash::Flash_fwd_params)",10.266719999997557,0.0,0.0,1372
"void kDequantizeBlockwise<__half, 512, 64, 8, 2>(float*, unsigned char*, float*, __half*, int, int)",10.21671200000005,0.0,0.0,196
bitsandbytes::dequantize_4bit,10.21671200000005,3.6848529999997846,5637.144576,196
"void at::native::(anonymous namespace)::CatArrayBatchedCopy<at::native::(anonymous namespace)::OpaqueType<2u>, unsigned int, 4, 64, 64>(at::native::(anonymous namespace)::OpaqueType<2u>*, at::native::(anonymous namespace)::CatArrInputTensorMetadata<at::native::(anonymous namespace)::OpaqueType<2u>, unsigned int, 64, 64>, at::native::(anonymous namespace)::TensorSizeStride<unsigned int, 4u>, int, unsigned int)",9.739141999998406,0.0,0.0,2856
"void at::native::unrolled_elementwise_kernel<at::native::direct_copy_kernel_cuda(at::TensorIteratorBase&)::{lambda()#3}::operator()() const::{lambda()#7}::operator()() const::{lambda(float)#1}, at::detail::Array<char*, 2>, TrivialOffsetCalculator<1, unsigned int>, TrivialOffsetCalculator<1, unsigned int>, at::native::memory::LoadWithCast<1>, at::native::memory::StoreWithCast<1> >(int, at::native::direct_copy_kernel_cuda(at::TensorIteratorBase&)::{lambda()#3}::operator()() const::{lambda()#7}::operator()() const::{lambda(float)#1}, at::detail::Array<char*, 2>, TrivialOffsetCalculator<1, unsigned int>, TrivialOffsetCalculator<1, unsigned int>, at::native::memory::LoadWithCast<1>, at::native::memory::StoreWithCast<1>)",8.582867999996814,0.0,0.0,2950
ampere_fp16_s16816gemm_fp16_128x64_ldg8_f2f_stages_64x3_tn,8.51290300000007,0.0,0.0,140
"void at::native::unrolled_elementwise_kernel<at::native::direct_copy_kernel_cuda(at::TensorIteratorBase&)::{lambda()#3}::operator()() const::{lambda()#10}::operator()() const::{lambda(c10::Half)#1}, at::detail::Array<char*, 2>, TrivialOffsetCalculator<1, unsigned int>, TrivialOffsetCalculator<1, unsigned int>, at::native::memory::LoadWithCast<1>, at::native::memory::StoreWithCast<1> >(int, at::native::direct_copy_kernel_cuda(at::TensorIteratorBase&)::{lambda()#3}::operator()() const::{lambda()#10}::operator()() const::{lambda(c10::Half)#1}, at::detail::Array<char*, 2>, TrivialOffsetCalculator<1, unsigned int>, TrivialOffsetCalculator<1, unsigned int>, at::native::memory::LoadWithCast<1>, at::native::memory::StoreWithCast<1>)",8.49316700000634,0.0,0.0,2950
"void at::native::vectorized_elementwise_kernel<4, at::native::CUDAFunctor_add<c10::Half>, at::detail::Array<char*, 3> >(int, at::native::CUDAFunctor_add<c10::Half>, at::detail::Array<char*, 3>)",8.117274000006262,0.0,0.0,5544
"void at::native::vectorized_elementwise_kernel<4, at::native::BinaryFunctor<c10::Half, c10::Half, c10::Half, at::native::binary_internal::MulFunctor<float> >, at::detail::Array<char*, 3> >(int, at::native::BinaryFunctor<c10::Half, c10::Half, c10::Half, at::native::binary_internal::MulFunctor<float> >, at::detail::Array<char*, 3>)",6.859737999995021,0.0,0.0,4193
"void at::native::(anonymous namespace)::CatArrayBatchedCopy_contig<at::native::(anonymous namespace)::OpaqueType<2u>, unsigned int, 4, 128, 1>(at::native::(anonymous namespace)::OpaqueType<2u>*, at::native::(anonymous namespace)::CatArrInputTensorMetadata<at::native::(anonymous namespace)::OpaqueType<2u>, unsigned int, 128, 1>, at::native::(anonymous namespace)::TensorSizeStride<unsigned int, 4u>, int, unsigned int)",6.78051600000239,0.0,0.0,2744
aten::neg,6.659740000003687,21.117169000003067,9.519104,2800
"void at::native::elementwise_kernel<128, 4, at::native::gpu_kernel_impl_nocast<at::native::neg_kernel_cuda(at::TensorIteratorBase&)::{lambda()#2}::operator()() const::{lambda()#8}::operator()() const::{lambda(c10::Half)#1}>(at::TensorIteratorBase&, at::native::neg_kernel_cuda(at::TensorIteratorBase&)::{lambda()#2}::operator()() const::{lambda()#8}::operator()() const::{lambda(c10::Half)#1} const&)::{lambda(int)#1}>(int, at::native::gpu_kernel_impl_nocast<at::native::neg_kernel_cuda(at::TensorIteratorBase&)::{lambda()#2}::operator()() const::{lambda()#8}::operator()() const::{lambda(c10::Half)#1}>(at::TensorIteratorBase&, at::native::neg_kernel_cuda(at::TensorIteratorBase&)::{lambda()#2}::operator()() const::{lambda()#8}::operator()() const::{lambda(c10::Half)#1} const&)::{lambda(int)#1})",6.659740000003687,0.0,0.0,2800
aten::_softmax,6.1895729999994655,0.7936200000000827,51.3024,100
"void at::native::(anonymous namespace)::cunn_SoftMaxForward<4, float, float, float, at::native::(anonymous namespace)::SoftMaxForwardEpilogue>(float*, float const*, int)",6.1895729999994655,0.0,0.0,100
aten::softmax,6.1895729999994655,0.9097950000001293,51.3024,100
"void at::native::elementwise_kernel<128, 2, at::native::gpu_kernel_impl_nocast<at::native::BinaryFunctor<float, float, float, at::native::binary_internal::MulFunctor<float> > >(at::TensorIteratorBase&, at::native::BinaryFunctor<float, float, float, at::native::binary_internal::MulFunctor<float> > const&)::{lambda(int)#1}>(int, at::native::gpu_kernel_impl_nocast<at::native::BinaryFunctor<float, float, float, at::native::binary_internal::MulFunctor<float> > >(at::TensorIteratorBase&, at::native::BinaryFunctor<float, float, float, at::native::binary_internal::MulFunctor<float> > const&)::{lambda(int)#1})",5.4921690000021774,0.0,0.0,2850
aten::multinomial,4.702969000000885,8.00466600000026,0.0256,50
aten::rsqrt,3.9958849999930464,19.960668999998866,1.4592,2850
"void at::native::vectorized_elementwise_kernel<4, at::native::rsqrt_kernel_cuda(at::TensorIteratorBase&)::{lambda()#2}::operator()() const::{lambda()#2}::operator()() const::{lambda(float)#1}, at::detail::Array<char*, 2> >(int, at::native::rsqrt_kernel_cuda(at::TensorIteratorBase&)::{lambda()#2}::operator()() const::{lambda()#2}::operator()() const::{lambda(float)#1}, at::detail::Array<char*, 2>)",3.9958849999930464,0.0,0.0,2850
"void at::native::vectorized_elementwise_kernel<4, at::native::CUDAFunctorOnSelf_add<float>, at::detail::Array<char*, 2> >(int, at::native::CUDAFunctorOnSelf_add<float>, at::detail::Array<char*, 2>)",3.7287860000013318,0.0,0.0,2850
aten::pow,3.6446079999940193,26.191872000002295,58.134528,2850
"void at::native::vectorized_elementwise_kernel<4, at::native::(anonymous namespace)::pow_tensor_scalar_kernel_impl<float, float>(at::TensorIteratorBase&, float)::{lambda(float)#1}, at::detail::Array<char*, 2> >(int, at::native::(anonymous namespace)::pow_tensor_scalar_kernel_impl<float, float>(at::TensorIteratorBase&, float)::{lambda(float)#1}, at::detail::Array<char*, 2>)",3.6446079999940193,0.0,0.0,2850
"void at::native::vectorized_elementwise_kernel<4, at::native::(anonymous namespace)::silu_kernel(at::TensorIteratorBase&)::{lambda()#1}::operator()() const::{lambda()#5}::operator()() const::{lambda(c10::Half)#1}, at::detail::Array<char*, 2> >(int, at::native::(anonymous namespace)::silu_kernel(at::TensorIteratorBase&)::{lambda()#1}::operator()() const::{lambda()#5}::operator()() const::{lambda(c10::Half)#1}, at::detail::Array<char*, 2>)",2.9401149999972405,0.0,0.0,1400
aten::silu,2.9401149999972405,12.902712000000713,38.076416,1400
aten::topk,2.8039309999986144,4.806522000000187,0.0512,50
aten::sort,2.3772139999985082,4.09227699999958,76.9536,50
"void at_cuda_detail::cub::DeviceRadixSortOnesweepKernel<at_cuda_detail::cub::DeviceRadixSortPolicy<float, at::cuda::cub::detail::OpaqueType<8>, unsigned long long>::Policy800, false, float, at::cuda::cub::detail::OpaqueType<8>, unsigned long long, int, int>(int*, int*, unsigned long long*, unsigned long long const*, float*, float const*, at::cuda::cub::detail::OpaqueType<8>*, at::cuda::cub::detail::OpaqueType<8> const*, int, int, int)",1.5675849999998173,0.0,0.0,200
aten::argmax,1.5583070000004227,0.4158309999997582,0.0,50
"void at::native::reduce_kernel<512, 1, at::native::ReduceOp<float, at::native::ArgMaxOps<float>, unsigned int, long, 4> >(at::native::ReduceOp<float, at::native::ArgMaxOps<float>, unsigned int, long, 4>)",1.5583070000004227,0.0,0.0,50
"void at::native::mbtopk::radixFindKthValues<float, unsigned int, unsigned int, 1>(at::cuda::detail::TensorInfo<float const, unsigned int>, unsigned int, unsigned int*, unsigned int, unsigned int, int, int, unsigned int, unsigned int, unsigned int*, unsigned int*, short*, float*)",1.2299850000013977,0.0,0.0,200
aten::max,0.8676150000004563,1.2506790000010806,0.0512,100
aten::min,0.732801999999414,0.6886420000002399,0.0256,50
"void at::native::reduce_kernel<512, 1, at::native::ReduceOp<float, at::native::func_wrapper_t<float, at::native::MinNanFunctor<float> >, unsigned int, float, 4> >(at::native::ReduceOp<float, at::native::func_wrapper_t<float, at::native::MinNanFunctor<float> >, unsigned int, float, 4>)",0.732801999999414,0.0,0.0,50
"void at::native::reduce_kernel<512, 1, at::native::ReduceOp<float, at::native::func_wrapper_t<float, at::native::MaxNanFunctor<float> >, unsigned int, float, 4> >(at::native::ReduceOp<float, at::native::func_wrapper_t<float, at::native::MaxNanFunctor<float> >, unsigned int, float, 4>)",0.7254080000007816,0.0,0.0,50
aten::sum,0.7196139999996812,0.5766539999995002,0.0256,50
"void at::native::reduce_kernel<512, 1, at::native::ReduceOp<float, at::native::func_wrapper_t<float, at::native::sum_functor<float, float, float>::operator()(at::TensorIterator&)::{lambda(float, float)#1}>, unsigned int, float, 4> >(at::native::ReduceOp<float, at::native::func_wrapper_t<float, at::native::sum_functor<float, float, float>::operator()(at::TensorIterator&)::{lambda(float, float)#1}>, unsigned int, float, 4>)",0.7196139999996812,0.0,0.0,50
aten::add_,0.6012539999998189,1.7428199999997231,0.0,246
Memcpy DtoD (Device -> Device),0.55292600000136,0.0,0.0,401
void cutlass::Kernel<cutlass_80_tensorop_f16_s16816gemm_relu_f16_64x64_32x6_tn_align8>(cutlass_80_tensorop_f16_s16816gemm_relu_f16_64x64_32x6_tn_align8::Params),0.5139799999999232,0.0,0.0,56
Memset (Device),0.4736899999982197,0.0,0.0,484
aten::cumsum,0.43525799999992887,2.4439190000004456,25.68704,101
"void at::native::mbtopk::computeBlockwiseWithinKCounts<unsigned int>(unsigned int*, short*, unsigned int, int, bool, unsigned int*, unsigned int)",0.3901749999991298,0.0,0.0,200
aten::isin,0.365089000001899,8.165022000000208,0.026112,51
aten::masked_fill,0.3362609999997803,2.802866000000373,51.3024,100
"void at::native::radixSortKVInPlace<-2, -1, 32, 4, float, long, unsigned int>(at::cuda::detail::TensorInfo<float, unsigned int>, unsigned int, unsigned int, unsigned int, at::cuda::detail::TensorInfo<long, unsigned int>, unsigned int, bool)",0.3259210000002495,0.0,0.0,50
aten::fill_,0.30095400000079825,1.7758520000009448,0.0,253
"void at_cuda_detail::cub::DeviceScanByKeyKernel<at_cuda_detail::cub::DeviceScanByKeyPolicy<at_cuda_detail::cub::TransformInputIterator<unsigned int, at::native::mbtopk::BlockIdxToKey, at_cuda_detail::cub::CountingInputIterator<unsigned int, unsigned int>, long>, unsigned int>::Policy520, at_cuda_detail::cub::TransformInputIterator<unsigned int, at::native::mbtopk::BlockIdxToKey, at_cuda_detail::cub::CountingInputIterator<unsigned int, unsigned int>, long>, unsigned int*, unsigned int*, at_cuda_detail::cub::ReduceByKeyScanTileState<unsigned int, int, true>, at_cuda_detail::cub::Equality, at_cuda_detail::cub::Sum, at_cuda_detail::cub::NullType, int, unsigned int, unsigned int>(at_cuda_detail::cub::TransformInputIterator<unsigned int, at::native::mbtopk::BlockIdxToKey, at_cuda_detail::cub::CountingInputIterator<unsigned int, unsigned int>, long>, unsigned int*, unsigned int*, unsigned int*, at_cuda_detail::cub::ReduceByKeyScanTileState<unsigned int, int, true>, int, at_cuda_detail::cub::Equality, at_cuda_detail::cub::Sum, at_cuda_detail::cub::NullType, int)",0.2999039999997476,0.0,0.0,100
aten::eq,0.2936639999988693,1.8499320000003137,0.102912,201
aten::index,0.2935979999992633,1.6040750000008557,0.050688,99
aten::clone,0.2848950000009281,2.8217370000012743,51.3536,200
"void at::native::_assert_async_cuda_kernel<bool>(bool const*, at::native::Msg)",0.26364799999902605,0.0,0.0,100
aten::_assert_async,0.26364799999902605,0.4891339999997581,0.0,100
"void at::native::mbtopk::gatherTopK<float, unsigned int, 1>(at::cuda::detail::TensorInfo<float const, unsigned int>, unsigned int, unsigned int, bool, unsigned int, unsigned int, at::cuda::detail::TensorInfo<float, unsigned int>, unsigned int, at::cuda::detail::TensorInfo<long, unsigned int>, unsigned int, unsigned int, unsigned int, float*, unsigned int*, unsigned int*, unsigned int)",0.25308499999989,0.0,0.0,50
"void at::native::(anonymous namespace)::CatArrayBatchedCopy_aligned16_contig<at::native::(anonymous namespace)::OpaqueType<8u>, unsigned int, 2, 128, 1>(at::native::(anonymous namespace)::OpaqueType<8u>*, at::native::(anonymous namespace)::CatArrInputTensorMetadata<at::native::(anonymous namespace)::OpaqueType<8u>, unsigned int, 128, 1>, at::native::(anonymous namespace)::TensorSizeStride<unsigned int, 4u>, int, unsigned int)",0.25136000000002967,0.0,0.0,100
aten::masked_fill_,0.24361399999986316,1.4591770000003161,0.0,150
aten::scatter,0.2323519999991695,1.0729939999999625,6.4256,50
"void at::native::vectorized_elementwise_kernel<4, at::native::compare_scalar_kernel<float>(at::TensorIteratorBase&, at::native::(anonymous namespace)::OpType, float)::{lambda(float)#1}, at::detail::Array<char*, 2> >(int, at::native::compare_scalar_kernel<float>(at::TensorIteratorBase&, at::native::(anonymous namespace)::OpType, float)::{lambda(float)#1}, at::detail::Array<char*, 2>)",0.22633599999998114,0.0,0.0,150
aten::any,0.21868800000051852,1.3021419999995196,0.052736,103
"void at::native::vectorized_elementwise_kernel<4, at::native::CUDAFunctorOnSelf_add<long>, at::detail::Array<char*, 2> >(int, at::native::CUDAFunctorOnSelf_add<long>, at::detail::Array<char*, 2>)",0.21001899999912713,0.0,0.0,150
aten::div,0.20793400000077963,0.895952999999572,25.6512,100
"void at_cuda_detail::cub::DeviceScanKernel<at_cuda_detail::cub::DeviceScanPolicy<float>::Policy600, float const*, float*, at_cuda_detail::cub::ScanTileState<float, true>, std::plus<float>, at_cuda_detail::cub::NullType, int, float>(float const*, float*, at_cuda_detail::cub::ScanTileState<float, true>, int, std::plus<float>, at_cuda_detail::cub::NullType, int)",0.2032649999999121,0.0,0.0,50
aten::lt,0.2005419999990554,0.9328120000004783,6.451712,101
aten::exponential_,0.18361299999999756,0.5795709999998507,0.0,50
"void at::native::(anonymous namespace)::distribution_elementwise_grid_stride_kernel<float, 4, at::native::templates::cuda::uniform_and_transform<float, float, at::CUDAGeneratorImpl*, at::native::templates::cuda::exponential_kernel<at::CUDAGeneratorImpl*>(at::TensorIteratorBase&, double, at::CUDAGeneratorImpl*)::{lambda()#1}::operator()() const::{lambda()#2}::operator()() const::{lambda(float)#1}>(at::TensorIteratorBase&, at::CUDAGeneratorImpl*, at::native::templates::cuda::exponential_kernel<at::CUDAGeneratorImpl*>(at::TensorIteratorBase&, double, at::CUDAGeneratorImpl*)::{lambda()#1}::operator()() const::{lambda()#2}::operator()() const::{lambda(float)#1})::{lambda(curandStatePhilox4_32_10*)#2}, at::native::(anonymous namespace)::distribution_nullary_kernel<float, float, float4, at::CUDAGeneratorImpl*, at::native::templates::cuda::uniform_and_transform<float, float, at::CUDAGeneratorImpl*, at::native::templates::cuda::exponential_kernel<at::CUDAGeneratorImpl*>(at::TensorIteratorBase&, double, at::CUDAGeneratorImpl*)::{lambda()#1}::operator()() const::{lambda()#2}::operator()() const::{lambda(float)#1}>(at::TensorIteratorBase&, at::CUDAGeneratorImpl*, at::native::templates::cuda::exponential_kernel<at::CUDAGeneratorImpl*>(at::TensorIteratorBase&, double, at::CUDAGeneratorImpl*)::{lambda()#1}::operator()() const::{lambda()#2}::operator()() const::{lambda(float)#1})::{lambda(curandStatePhilox4_32_10*)#2}, at::native::templates::cuda::exponential_kernel<at::CUDAGeneratorImpl*>(at::TensorIteratorBase&, double, at::CUDAGeneratorImpl*)::{lambda()#1}::operator()() const::{lambda()#2}::operator()() const::{lambda(float)#1}>(at::TensorIteratorBase&, at::CUDAGeneratorImpl*, at::native::templates::cuda::uniform_and_transform<float, float, at::CUDAGeneratorImpl*, at::native::templates::cuda::exponential_kernel<at::CUDAGeneratorImpl*>(at::TensorIteratorBase&, double, at::CUDAGeneratorImpl*)::{lambda()#1}::operator()() const::{lambda()#2}::operator()() const::{lambda(float)#1}>(at::TensorIteratorBase&, at::CUDAGeneratorImpl*, at::native::templates::cuda::exponential_kernel<at::CUDAGeneratorImpl*>(at::TensorIteratorBase&, double, at::CUDAGeneratorImpl*)::{lambda()#1}::operator()() const::{lambda()#2}::operator()() const::{lambda(float)#1})::{lambda(curandStatePhilox4_32_10*)#2} const&, at::native::templates::cuda::exponential_kernel<at::CUDAGeneratorImpl*>(at::TensorIteratorBase&, double, at::CUDAGeneratorImpl*)::{lambda()#1}::operator()() const::{lambda()#2}::operator()() const::{lambda(float)#1})::{lambda(int, float)#1}>(int, at::PhiloxCudaState, at::native::templates::cuda::uniform_and_transform<float, float, at::CUDAGeneratorImpl*, at::native::templates::cuda::exponential_kernel<at::CUDAGeneratorImpl*>(at::TensorIteratorBase&, double, at::CUDAGeneratorImpl*)::{lambda()#1}::operator()() const::{lambda()#2}::operator()() const::{lambda(float)#1}>(at::TensorIteratorBase&, at::CUDAGeneratorImpl*, at::native::templates::cuda::exponential_kernel<at::CUDAGeneratorImpl*>(at::TensorIteratorBase&, double, at::CUDAGeneratorImpl*)::{lambda()#1}::operator()() const::{lambda()#2}::operator()() const::{lambda(float)#1})::{lambda(curandStatePhilox4_32_10*)#2}, at::native::(anonymous namespace)::distribution_nullary_kernel<float, float, float4, at::CUDAGeneratorImpl*, at::native::templates::cuda::uniform_and_transform<float, float, at::CUDAGeneratorImpl*, at::native::templates::cuda::exponential_kernel<at::CUDAGeneratorImpl*>(at::TensorIteratorBase&, double, at::CUDAGeneratorImpl*)::{lambda()#1}::operator()() const::{lambda()#2}::operator()() const::{lambda(float)#1}>(at::TensorIteratorBase&, at::CUDAGeneratorImpl*, at::native::templates::cuda::exponential_kernel<at::CUDAGeneratorImpl*>(at::TensorIteratorBase&, double, at::CUDAGeneratorImpl*)::{lambda()#1}::operator()() const::{lambda()#2}::operator()() const::{lambda(float)#1})::{lambda(curandStatePhilox4_32_10*)#2}, at::native::templates::cuda::exponential_kernel<at::CUDAGeneratorImpl*>(at::TensorIteratorBase&, double, at::CUDAGeneratorImpl*)::{lambda()#1}::operator()() const::{lambda()#2}::operator()() const::{lambda(float)#1}>(at::TensorIteratorBase&, at::CUDAGeneratorImpl*, at::native::templates::cuda::uniform_and_transform<float, float, at::CUDAGeneratorImpl*, at::native::templates::cuda::exponential_kernel<at::CUDAGeneratorImpl*>(at::TensorIteratorBase&, double, at::CUDAGeneratorImpl*)::{lambda()#1}::operator()() const::{lambda()#2}::operator()() const::{lambda(float)#1}>(at::TensorIteratorBase&, at::CUDAGeneratorImpl*, at::native::templates::cuda::exponential_kernel<at::CUDAGeneratorImpl*>(at::TensorIteratorBase&, double, at::CUDAGeneratorImpl*)::{lambda()#1}::operator()() const::{lambda()#2}::operator()() const::{lambda(float)#1})::{lambda(curandStatePhilox4_32_10*)#2} const&, at::native::templates::cuda::exponential_kernel<at::CUDAGeneratorImpl*>(at::TensorIteratorBase&, double, at::CUDAGeneratorImpl*)::{lambda()#1}::operator()() const::{lambda()#2}::operator()() const::{lambda(float)#1})::{lambda(int, float)#1})",0.18361299999999756,0.0,0.0,50
aten::bitwise_and,0.1766710000004241,0.8544700000003941,0.0512,100
"void at_cuda_detail::cub::DeviceRadixSortHistogramKernel<at_cuda_detail::cub::DeviceRadixSortPolicy<float, at::cuda::cub::detail::OpaqueType<8>, unsigned long long>::Policy800, false, float, unsigned long long>(unsigned long long*, float const*, unsigned long long, int, int)",0.17478300000041783,0.0,0.0,50
"void at::native::vectorized_elementwise_kernel<4, at::native::(anonymous namespace)::masked_fill_kernel(at::TensorIterator&, c10::Scalar const&)::{lambda()#1}::operator()() const::{lambda()#7}::operator()() const::{lambda(float, bool)#1}, at::detail::Array<char*, 3> >(int, at::native::(anonymous namespace)::masked_fill_kernel(at::TensorIterator&, c10::Scalar const&)::{lambda()#1}::operator()() const::{lambda()#7}::operator()() const::{lambda(float, bool)#1}, at::detail::Array<char*, 3>)",0.1721269999999495,0.0,0.0,100
"void at::native::reduce_kernel<512, 1, at::native::ReduceOp<bool, at::native::func_wrapper_t<bool, at::native::and_kernel_cuda(at::TensorIterator&)::{lambda()#1}::operator()() const::{lambda()#12}::operator()() const::{lambda(bool, bool)#1}>, unsigned int, bool, 4> >(at::native::ReduceOp<bool, at::native::func_wrapper_t<bool, at::native::and_kernel_cuda(at::TensorIterator&)::{lambda()#1}::operator()() const::{lambda()#12}::operator()() const::{lambda(bool, bool)#1}>, unsigned int, bool, 4>)",0.16947400000011112,0.0,0.0,50
aten::all,0.16947400000011112,0.692234999999724,0.0256,50
"void at::native::_scatter_gather_elementwise_kernel<128, 4, at::native::_cuda_scatter_gather_internal_kernel<true, at::native::OpaqueType<1> >::operator()<at::native::TensorAssign>(at::TensorIterator&, long, long, long, at::native::TensorAssign const&)::{lambda(int)#1}>(int, at::native::_cuda_scatter_gather_internal_kernel<true, at::native::OpaqueType<1> >::operator()<at::native::TensorAssign>(at::TensorIterator&, long, long, long, at::native::TensorAssign const&)::{lambda(int)#1})",0.16748899999979766,0.0,0.0,50
"void at::native::vectorized_elementwise_kernel<4, at::native::FillFunctor<bool>, at::detail::Array<char*, 1> >(int, at::native::FillFunctor<bool>, at::detail::Array<char*, 1>)",0.16172400000052584,0.0,0.0,151
"void at::native::reduce_kernel<512, 1, at::native::ReduceOp<bool, at::native::func_wrapper_t<bool, at::native::or_kernel_cuda(at::TensorIterator&)::{lambda()#1}::operator()() const::{lambda()#12}::operator()() const::{lambda(bool, bool)#1}>, unsigned int, bool, 4> >(at::native::ReduceOp<bool, at::native::func_wrapper_t<bool, at::native::or_kernel_cuda(at::TensorIterator&)::{lambda()#1}::operator()() const::{lambda()#12}::operator()() const::{lambda(bool, bool)#1}>, unsigned int, bool, 4>)",0.15744100000016625,0.0,0.0,53
"void at::native::index_elementwise_kernel<128, 4, at::native::gpu_index_kernel<at::native::index_kernel_impl<at::native::OpaqueType<1> >(at::TensorIteratorBase&, c10::ArrayRef<long>, c10::ArrayRef<long>)::{lambda(char*, char const*, long)#1}>(at::TensorIteratorBase&, c10::ArrayRef<long>, c10::ArrayRef<long>, at::native::index_kernel_impl<at::native::OpaqueType<1> >(at::TensorIteratorBase&, c10::ArrayRef<long>, c10::ArrayRef<long>)::{lambda(char*, char const*, long)#1} const&)::{lambda(int)#1}>(long, at::native::gpu_index_kernel<at::native::index_kernel_impl<at::native::OpaqueType<1> >(at::TensorIteratorBase&, c10::ArrayRef<long>, c10::ArrayRef<long>)::{lambda(char*, char const*, long)#1}>(at::TensorIteratorBase&, c10::ArrayRef<long>, c10::ArrayRef<long>, at::native::index_kernel_impl<at::native::OpaqueType<1> >(at::TensorIteratorBase&, c10::ArrayRef<long>, c10::ArrayRef<long>)::{lambda(char*, char const*, long)#1} const&)::{lambda(int)#1})",0.15238399999959074,0.0,0.0,50
Memcpy DtoH (Device -> Pinned),0.15043199999857462,0.0,0.0,152
aten::is_nonzero,0.15043199999857462,27.984614000000175,0.0,152
aten::_local_scalar_dense,0.15043199999857462,27.76136799999996,0.0,202
aten::item,0.15043199999857462,27.928117999999877,0.0,202
aten::ge,0.1466569999999556,0.9427660000008619,0.0512,100
"void at::native::reduce_kernel<512, 1, at::native::ReduceOp<long, at::native::func_wrapper_t<long, at::native::MaxNanFunctor<long> >, unsigned int, long, 4> >(at::native::ReduceOp<long, at::native::func_wrapper_t<long, at::native::MaxNanFunctor<long> >, unsigned int, long, 4>)",0.14220699999967473,0.0,0.0,50
"void pytorch_flash::flash_fwd_kernel<pytorch_flash::Flash_fwd_kernel_traits<128, 64, 64, 4, false, false, cutlass::half_t, pytorch_flash::Flash_kernel_traits<128, 64, 64, 4, cutlass::half_t> >, false, true, false, false, false, true, false>(pytorch_flash::Flash_fwd_params)",0.1419500000000262,0.0,0.0,28
"void at::native::vectorized_elementwise_kernel<4, at::native::BinaryFunctor<long, long, long, at::native::binary_internal::MulFunctor<long> >, at::detail::Array<char*, 3> >(int, at::native::BinaryFunctor<long, long, long, at::native::binary_internal::MulFunctor<long> >, at::detail::Array<char*, 3>)",0.1416960000013205,0.0,0.0,100
"void at::native::index_elementwise_kernel<128, 4, at::native::gpu_index_kernel<at::native::index_kernel_impl<at::native::OpaqueType<8> >(at::TensorIteratorBase&, c10::ArrayRef<long>, c10::ArrayRef<long>)::{lambda(char*, char const*, long)#1}>(at::TensorIteratorBase&, c10::ArrayRef<long>, c10::ArrayRef<long>, at::native::index_kernel_impl<at::native::OpaqueType<8> >(at::TensorIteratorBase&, c10::ArrayRef<long>, c10::ArrayRef<long>)::{lambda(char*, char const*, long)#1} const&)::{lambda(int)#1}>(long, at::native::gpu_index_kernel<at::native::index_kernel_impl<at::native::OpaqueType<8> >(at::TensorIteratorBase&, c10::ArrayRef<long>, c10::ArrayRef<long>)::{lambda(char*, char const*, long)#1}>(at::TensorIteratorBase&, c10::ArrayRef<long>, c10::ArrayRef<long>, at::native::index_kernel_impl<at::native::OpaqueType<8> >(at::TensorIteratorBase&, c10::ArrayRef<long>, c10::ArrayRef<long>)::{lambda(char*, char const*, long)#1} const&)::{lambda(int)#1})",0.14121399999967252,0.0,0.0,49
"void at::native::elementwise_kernel<128, 4, at::native::gpu_kernel_impl_nocast<at::native::CUDAFunctor_add<c10::Half> >(at::TensorIteratorBase&, at::native::CUDAFunctor_add<c10::Half> const&)::{lambda(int)#1}>(int, at::native::gpu_kernel_impl_nocast<at::native::CUDAFunctor_add<c10::Half> >(at::TensorIteratorBase&, at::native::CUDAFunctor_add<c10::Half> const&)::{lambda(int)#1})",0.14035300000003917,0.0,0.0,56
aten::sub,0.13529699999986042,0.9991680000004198,0.06144,101
"void at::native::elementwise_kernel<128, 4, at::native::gpu_kernel_impl_nocast<at::native::(anonymous namespace)::CompareFunctor<float> >(at::TensorIteratorBase&, at::native::(anonymous namespace)::CompareFunctor<float> const&)::{lambda(int)#1}>(int, at::native::gpu_kernel_impl_nocast<at::native::(anonymous namespace)::CompareFunctor<float> >(at::TensorIteratorBase&, at::native::(anonymous namespace)::CompareFunctor<float> const&)::{lambda(int)#1})",0.13417499999940627,0.0,0.0,50
"void at::native::vectorized_elementwise_kernel<4, at::native::AUnaryFunctor<long, long, bool, at::native::(anonymous namespace)::CompareEqFunctor<long> >, at::detail::Array<char*, 2> >(int, at::native::AUnaryFunctor<long, long, bool, at::native::(anonymous namespace)::CompareEqFunctor<long> >, at::detail::Array<char*, 2>)",0.1323519999990749,0.0,0.0,100
"void at::native::vectorized_elementwise_kernel<4, at::native::bitwise_not_kernel_cuda(at::TensorIteratorBase&)::{lambda(bool)#1}, at::detail::Array<char*, 2> >(int, at::native::bitwise_not_kernel_cuda(at::TensorIteratorBase&)::{lambda(bool)#1}, at::detail::Array<char*, 2>)",0.1297589999992342,0.0,0.0,100
aten::bitwise_not,0.1297589999992342,0.7612979999998352,0.0512,100
aten::bitwise_or,0.12931200000176613,0.8129219999994093,0.0512,100
aten::__or__,0.12931200000176613,0.9034240000004066,0.0512,100
"void at::native::vectorized_elementwise_kernel<4, at::native::BinaryFunctor<bool, bool, bool, at::native::BitwiseOrFunctor<bool> >, at::detail::Array<char*, 3> >(int, at::native::BinaryFunctor<bool, bool, bool, at::native::BitwiseOrFunctor<bool> >, at::detail::Array<char*, 3>)",0.12931200000176613,0.0,0.0,100
"void at::native::vectorized_elementwise_kernel<4, at::native::BinaryFunctor<float, float, float, at::native::binary_internal::DivFunctor<float> >, at::detail::Array<char*, 3> >(int, at::native::BinaryFunctor<float, float, float, at::native::binary_internal::DivFunctor<float> >, at::detail::Array<char*, 3>)",0.12758100000082048,0.0,0.0,50
aten::embedding,0.12678500000008353,1.4066400000002615,0.509952,50
aten::index_select,0.12678500000008353,1.065144000001048,0.509952,50
"void at::native::(anonymous namespace)::indexSelectSmallIndex<c10::Half, long, unsigned int, 2, 2, -2>(at::cuda::detail::TensorInfo<c10::Half, unsigned int>, at::cuda::detail::TensorInfo<c10::Half const, unsigned int>, at::cuda::detail::TensorInfo<long const, unsigned int>, int, int, unsigned int, long)",0.12342600000007951,0.0,0.0,49
"void at::native::vectorized_elementwise_kernel<4, at::native::AUnaryFunctor<float, float, float, at::native::binary_internal::MulFunctor<float> >, at::detail::Array<char*, 2> >(int, at::native::AUnaryFunctor<float, float, float, at::native::binary_internal::MulFunctor<float> >, at::detail::Array<char*, 2>)",0.12310599999900296,0.0,0.0,100
"void at_cuda_detail::cub::DeviceScanKernel<at_cuda_detail::cub::DeviceScanPolicy<long>::Policy600, long const*, long*, at_cuda_detail::cub::ScanTileState<long, true>, std::plus<long>, at_cuda_detail::cub::NullType, int, long>(long const*, long*, at_cuda_detail::cub::ScanTileState<long, true>, int, std::plus<long>, at_cuda_detail::cub::NullType, int)",0.1208309999997,0.0,0.0,51
"at::native::(anonymous namespace)::fill_reverse_indices_kernel(long*, int, at::cuda::detail::IntDivider<unsigned int>)",0.11667299999944225,0.0,0.0,50
"void splitKreduce_kernel<32, 16, int, __half, __half, float, __half, true, false, false>(cublasSplitKParams<float>, __half const*, __half const*, __half*, float const*, float const*, __half const*, __half const*, __half*, void*, long, float*, int*)",0.11612799999998243,0.0,0.0,56
aten::arange,0.11353400000078545,1.2379519999986006,0.070656,100
"void at::native::unrolled_elementwise_kernel<at::native::BinaryFunctor<long, long, long, at::native::BitwiseAndFunctor<long> >, at::detail::Array<char*, 3>, TrivialOffsetCalculator<2, unsigned int>, TrivialOffsetCalculator<1, unsigned int>, at::native::memory::LoadWithCast<2>, at::native::memory::StoreWithCast<1> >(int, at::native::BinaryFunctor<long, long, long, at::native::BitwiseAndFunctor<long> >, at::detail::Array<char*, 3>, TrivialOffsetCalculator<2, unsigned int>, TrivialOffsetCalculator<1, unsigned int>, at::native::memory::LoadWithCast<2>, at::native::memory::StoreWithCast<1>)",0.1079679999997752,0.0,0.0,50
aten::__and__,0.1079679999997752,0.4642349999994767,0.0256,50
aten::full,0.10770699999954376,0.9712000000008993,0.0512,100
"void at_cuda_detail::cub::DeviceScanByKeyInitKernel<at_cuda_detail::cub::ReduceByKeyScanTileState<unsigned int, int, true>, at_cuda_detail::cub::TransformInputIterator<unsigned int, at::native::mbtopk::BlockIdxToKey, at_cuda_detail::cub::CountingInputIterator<unsigned int, unsigned int>, long> >(at_cuda_detail::cub::ReduceByKeyScanTileState<unsigned int, int, true>, at_cuda_detail::cub::TransformInputIterator<unsigned int, at::native::mbtopk::BlockIdxToKey, at_cuda_detail::cub::CountingInputIterator<unsigned int, unsigned int>, long>, std::iterator_traits<at_cuda_detail::cub::TransformInputIterator<unsigned int, at::native::mbtopk::BlockIdxToKey, at_cuda_detail::cub::CountingInputIterator<unsigned int, unsigned int>, long> >::value_type*, unsigned int, int)",0.1074190000002418,0.0,0.0,100
"void at::native::(anonymous namespace)::CatArrayBatchedCopy_aligned16_contig<at::native::(anonymous namespace)::OpaqueType<4u>, unsigned int, 3, 128, 1>(at::native::(anonymous namespace)::OpaqueType<4u>*, at::native::(anonymous namespace)::CatArrInputTensorMetadata<at::native::(anonymous namespace)::OpaqueType<4u>, unsigned int, 128, 1>, at::native::(anonymous namespace)::TensorSizeStride<unsigned int, 4u>, int, unsigned int)",0.10172999999992316,0.0,0.0,49
"void at::native::elementwise_kernel<128, 4, at::native::gpu_kernel_impl_nocast<at::native::BinaryFunctor<long, long, bool, at::native::(anonymous namespace)::CompareEqFunctor<long> > >(at::TensorIteratorBase&, at::native::BinaryFunctor<long, long, bool, at::native::(anonymous namespace)::CompareEqFunctor<long> > const&)::{lambda(int)#1}>(int, at::native::gpu_kernel_impl_nocast<at::native::BinaryFunctor<long, long, bool, at::native::(anonymous namespace)::CompareEqFunctor<long> > >(at::TensorIteratorBase&, at::native::BinaryFunctor<long, long, bool, at::native::(anonymous namespace)::CompareEqFunctor<long> > const&)::{lambda(int)#1})",0.09737699999984034,0.0,0.0,51
"void at::native::unrolled_elementwise_kernel<at::native::direct_copy_kernel_cuda(at::TensorIteratorBase&)::{lambda()#3}::operator()() const::{lambda()#11}::operator()() const::{lambda(bool)#1}, at::detail::Array<char*, 2>, TrivialOffsetCalculator<1, unsigned int>, TrivialOffsetCalculator<1, unsigned int>, at::native::memory::LoadWithCast<1>, at::native::memory::StoreWithCast<1> >(int, at::native::direct_copy_kernel_cuda(at::TensorIteratorBase&)::{lambda()#3}::operator()() const::{lambda()#11}::operator()() const::{lambda(bool)#1}, at::detail::Array<char*, 2>, TrivialOffsetCalculator<1, unsigned int>, TrivialOffsetCalculator<1, unsigned int>, at::native::memory::LoadWithCast<1>, at::native::memory::StoreWithCast<1>)",0.09404600000017672,0.0,0.0,50
aten::le,0.09331300000024202,0.5738190000000177,6.4256,50
aten::sin,0.08671900000056484,0.46942400000023915,0.042496,50
"void at::native::vectorized_elementwise_kernel<4, at::native::sin_kernel_cuda(at::TensorIteratorBase&)::{lambda()#2}::operator()() const::{lambda()#2}::operator()() const::{lambda(float)#1}, at::detail::Array<char*, 2> >(int, at::native::sin_kernel_cuda(at::TensorIteratorBase&)::{lambda()#2}::operator()() const::{lambda()#2}::operator()() const::{lambda(float)#1}, at::detail::Array<char*, 2>)",0.08671900000056484,0.0,0.0,50
"void at::native::vectorized_elementwise_kernel<4, at::native::cos_kernel_cuda(at::TensorIteratorBase&)::{lambda()#2}::operator()() const::{lambda()#2}::operator()() const::{lambda(float)#1}, at::detail::Array<char*, 2> >(int, at::native::cos_kernel_cuda(at::TensorIteratorBase&)::{lambda()#2}::operator()() const::{lambda()#2}::operator()() const::{lambda(float)#1}, at::detail::Array<char*, 2>)",0.08668900000025315,0.0,0.0,50
aten::cos,0.08668900000025315,0.48958400000038094,0.042496,50
aten::bmm,0.08543700000008539,1.2974679999997243,0.033792,50
"void at::native::vectorized_elementwise_kernel<4, at::native::FillFunctor<long>, at::detail::Array<char*, 1> >(int, at::native::FillFunctor<long>, at::detail::Array<char*, 1>)",0.08454200000003038,0.0,0.0,52
"void gemmk1_kernel<int, float, 256, 5, true, false, false, false, cublasGemvTensorStridedBatched<float const>, cublasGemvTensorStridedBatched<float const>, cublasGemvTensorStridedBatched<float>, float, 0>(cublasGemmk1Params<float, cublasGemvTensorStridedBatched<float const>, cublasGemvTensorStridedBatched<float const>, cublasGemvTensorStridedBatched<float>, float, biasType<cublasGemvTensorStridedBatched<float>::value_type, float>::type>)",0.08390100000008534,0.0,0.0,49
aten::new_ones,0.08243000000002212,0.7275339999995339,0.0256,50
"void at::native::vectorized_elementwise_kernel<4, at::native::BUnaryFunctor<float, float, float, at::native::binary_internal::MulFunctor<float> >, at::detail::Array<char*, 2> >(int, at::native::BUnaryFunctor<float, float, float, at::native::binary_internal::MulFunctor<float> >, at::detail::Array<char*, 2>)",0.08035299999995914,0.0,0.0,50
"void at::native::vectorized_elementwise_kernel<4, at::native::compare_scalar_kernel<long>(at::TensorIteratorBase&, at::native::(anonymous namespace)::OpType, long)::{lambda(long)#1}, at::detail::Array<char*, 2> >(int, at::native::compare_scalar_kernel<long>(at::TensorIteratorBase&, at::native::(anonymous namespace)::OpType, long)::{lambda(long)#1}, at::detail::Array<char*, 2>)",0.07852899999986403,0.0,0.0,50
"void at::native::mbtopk::computeBlockwiseKthCounts<unsigned int>(unsigned int*, short*, unsigned int, unsigned int, unsigned int*)",0.07756799999896612,0.0,0.0,50
"void at_cuda_detail::cub::DeviceRadixSortExclusiveSumKernel<at_cuda_detail::cub::DeviceRadixSortPolicy<float, at::cuda::cub::detail::OpaqueType<8>, unsigned long long>::Policy800, unsigned long long>(unsigned long long*)",0.07574300000010407,0.0,0.0,50
"void at::native::vectorized_elementwise_kernel<4, at::native::(anonymous namespace)::masked_fill_kernel(at::TensorIterator&, c10::Scalar const&)::{lambda()#1}::operator()() const::{lambda()#4}::operator()() const::{lambda(long, bool)#1}, at::detail::Array<char*, 3> >(int, at::native::(anonymous namespace)::masked_fill_kernel(at::TensorIterator&, c10::Scalar const&)::{lambda()#1}::operator()() const::{lambda()#4}::operator()() const::{lambda(long, bool)#1}, at::detail::Array<char*, 3>)",0.07148699999991368,0.0,0.0,50
"void at::native::vectorized_elementwise_kernel<4, at::native::CUDAFunctor_add<long>, at::detail::Array<char*, 3> >(int, at::native::CUDAFunctor_add<long>, at::detail::Array<char*, 3>)",0.06905700000027719,0.0,0.0,50
"void at::native::vectorized_elementwise_kernel<4, at::native::BinaryFunctor<bool, bool, bool, at::native::BitwiseAndFunctor<bool> >, at::detail::Array<char*, 3> >(int, at::native::BinaryFunctor<bool, bool, bool, at::native::BitwiseAndFunctor<bool> >, at::detail::Array<char*, 3>)",0.0687030000006489,0.0,0.0,50
"void at::native::vectorized_elementwise_kernel<4, at::native::CUDAFunctorOnOther_add<long>, at::detail::Array<char*, 2> >(int, at::native::CUDAFunctorOnOther_add<long>, at::detail::Array<char*, 2>)",0.0655690000000468,0.0,0.0,50
aten::rsub,0.0655690000000468,0.5787670000004728,0.0256,50
"void at::native::vectorized_elementwise_kernel<4, at::native::AUnaryFunctor<float, float, bool, at::native::(anonymous namespace)::CompareEqFunctor<float> >, at::detail::Array<char*, 2> >(int, at::native::AUnaryFunctor<float, float, bool, at::native::(anonymous namespace)::CompareEqFunctor<float> >, at::detail::Array<char*, 2>)",0.06393499999995401,0.0,0.0,50
"void (anonymous namespace)::elementwise_kernel_with_index<int, at::native::arange_cuda_out(c10::Scalar const&, c10::Scalar const&, c10::Scalar const&, at::Tensor&)::{lambda()#1}::operator()() const::{lambda()#4}::operator()() const::{lambda(long)#1}>(int, at::native::arange_cuda_out(c10::Scalar const&, c10::Scalar const&, c10::Scalar const&, at::Tensor&)::{lambda()#1}::operator()() const::{lambda()#4}::operator()() const::{lambda(long)#1}, function_traits<at::native::arange_cuda_out(c10::Scalar const&, c10::Scalar const&, c10::Scalar const&, at::Tensor&)::{lambda()#1}::operator()() const::{lambda()#4}::operator()() const::{lambda(long)#1}>::result_type*)",0.056767000000392726,0.0,0.0,50
"void at_cuda_detail::cub::DeviceScanInitKernel<at_cuda_detail::cub::ScanTileState<long, true> >(at_cuda_detail::cub::ScanTileState<long, true>, int)",0.056221000000135975,0.0,0.0,51
"void at_cuda_detail::cub::DeviceScanInitKernel<at_cuda_detail::cub::ScanTileState<float, true> >(at_cuda_detail::cub::ScanTileState<float, true>, int)",0.05494100000018079,0.0,0.0,50
"void at::native::mbtopk::fill<unsigned int, unsigned int>(unsigned int*, unsigned int, unsigned int)",0.054721999999543185,0.0,0.0,50
"void at::native::unrolled_elementwise_kernel<at::native::FillFunctor<bool>, at::detail::Array<char*, 1>, TrivialOffsetCalculator<0, unsigned int>, TrivialOffsetCalculator<1, unsigned int>, at::native::memory::LoadWithoutCast, at::native::memory::StoreWithoutCast>(int, at::native::FillFunctor<bool>, at::detail::Array<char*, 1>, TrivialOffsetCalculator<0, unsigned int>, TrivialOffsetCalculator<1, unsigned int>, at::native::memory::LoadWithoutCast, at::native::memory::StoreWithoutCast)",0.05468800000024203,0.0,0.0,50
"void at::native::(anonymous namespace)::indexSelectLargeIndex<c10::Half, long, unsigned int, 2, 2, -2, true>(at::cuda::detail::TensorInfo<c10::Half, unsigned int>, at::cuda::detail::TensorInfo<c10::Half const, unsigned int>, at::cuda::detail::TensorInfo<long const, unsigned int>, int, int, unsigned int, unsigned int, long)",0.0033590000000040163,0.0,0.0,1
"void at::native::(anonymous namespace)::CatArrayBatchedCopy<at::native::(anonymous namespace)::OpaqueType<4u>, unsigned int, 3, 64, 64>(at::native::(anonymous namespace)::OpaqueType<4u>*, at::native::(anonymous namespace)::CatArrInputTensorMetadata<at::native::(anonymous namespace)::OpaqueType<4u>, unsigned int, 64, 64>, at::native::(anonymous namespace)::TensorSizeStride<unsigned int, 4u>, int, unsigned int)",0.003230999999999767,0.0,0.0,1
aten::ones,0.0021120000000082657,0.05590699999999924,0.001024,2
"void gemmk1_kernel<int, float, 256, 5, false, false, false, false, cublasGemvTensorStridedBatched<float const>, cublasGemvTensorStridedBatched<float const>, cublasGemvTensorStridedBatched<float>, float, 0>(cublasGemmk1Params<float, cublasGemvTensorStridedBatched<float const>, cublasGemvTensorStridedBatched<float const>, cublasGemvTensorStridedBatched<float>, float, biasType<cublasGemvTensorStridedBatched<float>::value_type, float>::type>)",0.0015360000000000582,0.0,0.0,1
"void at::native::unrolled_elementwise_kernel<at::native::compare_scalar_kernel<long>(at::TensorIteratorBase&, at::native::(anonymous namespace)::OpType, long)::{lambda(long)#1}, at::detail::Array<char*, 2>, TrivialOffsetCalculator<1, unsigned int>, TrivialOffsetCalculator<1, unsigned int>, at::native::memory::LoadWithoutCast, at::native::memory::StoreWithoutCast>(int, at::native::compare_scalar_kernel<long>(at::TensorIteratorBase&, at::native::(anonymous namespace)::OpType, long)::{lambda(long)#1}, at::detail::Array<char*, 2>, TrivialOffsetCalculator<1, unsigned int>, TrivialOffsetCalculator<1, unsigned int>, at::native::memory::LoadWithoutCast, at::native::memory::StoreWithoutCast)",0.0014720000000015717,0.0,0.0,1
"void at::native::unrolled_elementwise_kernel<at::native::CUDAFunctorOnSelf_add<long>, at::detail::Array<char*, 2>, TrivialOffsetCalculator<1, unsigned int>, TrivialOffsetCalculator<1, unsigned int>, at::native::memory::LoadWithoutCast, at::native::memory::StoreWithoutCast>(int, at::native::CUDAFunctorOnSelf_add<long>, at::detail::Array<char*, 2>, TrivialOffsetCalculator<1, unsigned int>, TrivialOffsetCalculator<1, unsigned int>, at::native::memory::LoadWithoutCast, at::native::memory::StoreWithoutCast)",0.0013760000000038416,0.0,0.0,1
Memcpy HtoD (Pageable -> Device),0.001312000000005355,0.0,0.0,3
aten::slice,0.0,12.586991999997641,0.0,6400
aten::select,0.0,0.6404809999989666,0.0,200
cudaStreamIsCapturing,0.0,1.1092439999981725,0.0,1500
aten::new_empty,0.0,0.20174500000027182,0.0256,50
aten::empty_like,0.0,45.43707699999152,8899.321856,11450
cudaPeekAtLastError,0.0,1.5048990000029225,0.0,20704
cudaOccupancyMaxActiveBlocksPerMultiprocessorWithFlags,0.0,0.2320240000004924,0.0,307
cudaDeviceGetAttribute,0.0,0.09220800000237069,0.0,251
aten::empty_strided,0.0,50.47322000001121,8960.941568,17259
aten::view_as,0.0,0.09066499999928056,0.0,50
aten::squeeze,0.0,0.15773699999970267,0.0,50
cudaLaunchKernel,0.0,228.55484699998004,0.0,80762
cudaMemcpyAsync,0.0,2.9957210000013874,0.0,556
aten::resize_,0.0,0.3636600000004837,0.57088,150
cudaOccupancyMaxActiveBlocksPerMultiprocessor,0.0,0.07631999999995605,0.0,84
cudaFuncSetAttribute,0.0,1.52032699999959,0.0,1456
cudaMemsetAsync,0.0,1.8949220000014684,0.000512,484
aten::t,0.0,37.141567999998216,0.0,20042
aten::expand,0.0,0.31634000000019297,0.0,150
aten::view,0.0,6.64377499999557,0.0,11734
aten::unsqueeze,0.0,5.0842369999992005,0.0,3101
aten::as_strided,0.0,11.979988000009886,0.0,45811
aten::reshape,0.0,6.947985000007662,0.0,7383
aten::result_type,0.0,0.679432999999226,0.0,2850
aten::transpose,0.0,39.93391800001271,0.0,35408
aten::_unsafe_view,0.0,0.2503119999992778,0.0,296
cudaStreamSynchronize,0.0,26.4710650000003,0.0,155
aten::lift_fresh,0.0,0.018440000000009605,0.0,109
aten::detach_,0.0,0.07944400000002497,0.0,59
detach_,0.0,0.021146000000029745,0.0,59
aten::empty,0.0,37.50109299999801,5765.321728,16111
cudaDeviceSynchronize,0.0,0.01765399999986403,0.0,1
